customer_id,kids_home,teens_home,number_complaints,distinct_stores_visited,lifetime_spend_groceries,typical_hour,lifetime_spend_vegetables,lifetime_spend_nonalcohol_drinks,lifetime_spend_alcohol_drinks,lifetime_spend_meat,lifetime_spend_fish,lifetime_spend_hygiene,lifetime_spend_petfood,lifetime_total_distinct_products,percentage_of_products_bought_promotion,year_first_transaction,customer_loyalty_flag,latitude,longitude,typical_hour_sin,typical_hour_cos,customer_age,education_level,is_male,tenure,total_children,lifetime_spend_technology,total_spend,pct_spend_groceries,pct_spend_vegetables,pct_spend_nonalcohol_drinks,pct_spend_alcohol_drinks,pct_spend_meat,pct_spend_fish,pct_spend_hygiene,pct_spend_petfood,pct_spend_technology
414.0,1,1,1,5.0,57300.0,7.000000000000001,219.00000000000006,922.0,665.0,1053.0,1124.0,1457.0,403.0,68.0,0.1376379931045774,2016,1,38.7241204795759,-9.18662424642691,0.9659258262890682,-0.25881904510252063,57.0,1,1,10,2,5073.0,68216.0,0.8399788905828545,0.003210390524217193,0.013515890700129003,0.00974844611234901,0.015436261287674446,0.016477072827489152,0.021358625542394746,0.0059077049372581215,0.07436671748563387
811.0,0,0,1,2.0,57300.0,9.0,842.0,873.0,217.0,641.0,33.0,1187.0,499.0,107.0,0.5829512451943853,2019,1,38.78470528566145,-9.117762526658565,0.7071067811865476,-0.7071067811865475,59.0,3,0,7,0,7404.0,68996.0,0.8304829265464665,0.012203606006145284,0.012652907414922605,0.003145109861441243,0.009290393646008465,0.0004782885964403734,0.017203895878021916,0.007232303321931706,0.10731056872862195
902.0,2,0,2,5.0,56572.0,14.0,280.00000000000006,373.0,996.0,1300.0,803.0,1549.0,319.0,330.0,0.2382413596695388,2022,1,38.77488897042227,-9.11969220797431,-0.4999999999999998,-0.8660254037844388,31.0,1,1,4,2,5540.0,67732.0,0.8352329770271069,0.004133939644481191,0.005506998169255301,0.01470501387822595,0.019193291206519813,0.0118555483375657,0.0228695446760763,0.004709738380676785,0.08179294868009213
1077.0,1,0,0,2.0,52291.0,23.0,1458.0,800.0,220.0,799.0,1280.0,26.0,355.0,319.0,1.0,2016,1,38.72813273368078,-9.133659140892068,-0.25881904510252157,0.9659258262890681,36.0,3,0,10,1,11367.0,68596.0,0.7623039244270803,0.021254883666686104,0.011662487608606916,0.003207184092366902,0.011647909499096156,0.018659980173771067,0.00037903084727972477,0.005175228876319319,0.16570937080879353
1335.0,1,1,1,4.0,57300.0,20.0,257.0,575.0,870.0,1067.0,1265.0,1198.0,222.0,304.0,0.5945772086245562,2014,1,38.765134791043614,-9.125878353595043,-0.8660254037844385,0.5000000000000001,83.0,1,0,12,2,6471.0,69225.0,0.8277356446370531,0.0037125315998555435,0.008306247742867461,0.01256771397616468,0.015413506681112315,0.018273745034308415,0.017305886601661248,0.0032069339111592634,0.09347778981581799
2202.0,1,1,1,3.0,57300.0,8.0,355.0,591.0,717.0,773.0,1147.0,1890.0,261.0,215.0,0.6114616176231318,2021,1,38.78144504238619,-9.149790489838184,0.8660254037844387,-0.49999999999999983,62.0,1,1,5,2,6782.0,69816.0,0.8207287727741492,0.005084794316489057,0.008465108284633895,0.010269852182880715,0.011071960582101524,0.016428898819754786,0.027071158473702304,0.003738398074939842,0.09714105649134869
2596.0,0,1,0,1.0,57300.0,10.0,345.0,613.0,421.0,908.0,1071.0,698.0,72.0,365.0,0.5686717801708565,2015,1,38.723446821899714,-9.12379576220683,0.4999999999999999,-0.8660254037844387,47.0,3,1,11,1,6119.0,67547.0,0.8482982219787704,0.005107554739662753,0.009075162479458746,0.006232697233037736,0.013442491894532695,0.0158556264526922,0.010333545531259716,0.0010659244674078789,0.09058877522317793
2621.0,0,1,1,5.0,57300.0,17.0,310.0,389.0,827.0,1475.0,503.0,1880.0,284.0,142.0,0.1754925032458718,2014,1,38.78550451099192,-9.126358316973375,-0.9659258262890683,-0.25881904510252063,80.0,2,0,12,1,7118.0,70086.0,0.8175669891276431,0.00442313728847416,0.005550323887794995,0.011799788830864938,0.021045572582256086,0.007176896955169363,0.02682418742687555,0.004052164483634392,0.10156093941728733
3044.0,1,1,1,3.0,57300.0,13.4,404.0,416.0,718.0,1198.0,274.0,1168.0,469.0,222.0,0.3450831882355821,2009,1,38.78417443688828,-9.159605421747656,-0.2449489742783177,-0.4449489742783178,70.0,1,0,17,2,6182.0,68129.0,0.8410515345887948,0.005929927050154853,0.006106063497189156,0.010538830747552437,0.01758428862892454,0.0040217822072832424,0.017143947511338783,0.006883999471590659,0.09073962629717154
3837.0,1,4,1,1.0,55499.0,11.0,590.0,871.0,1635.0,1627.0,1486.0,1275.0,124.0,164.0,0.05407958973213378,2014,1,38.783303819049365,-9.183984611107835,0.258819045102521,-0.9659258262890682,53.0,2,1,12,5,6652.0,69759.0,0.7955819320804484,0.008457690047162373,0.01248584412047191,0.023437835978153358,0.023323155435140984,0.021301910864547944,0.018277211542596653,0.001777548416691753,0.09535687151478663
3895.0,1,1,1,5.0,57300.0,22.0,208.0,849.0,526.0,575.0,1426.0,1282.0,792.0,246.0,0.7695717506054491,2025,1,38.708728061115615,-9.153374408824808,-0.5000000000000004,0.8660254037844385,28.0,3,1,1,2,5646.0,68604.0,0.8352282665733777,0.0030318931840708995,0.012375371698443239,0.007667191417410063,0.008381435484811382,0.020785960002332224,0.01868695702874468,0.011544516354731502,0.08229840825607836
4314.999999999998,1,1,1,3.0,57300.0,23.0,235.0,773.0,863.0,507.0,1101.0,1109.0,288.0,219.0,1.0,2018,1,38.70912612897591,-9.150326654328683,-0.25881904510252157,0.9659258262890681,75.0,2,1,8,2,6814.0,68990.0,0.8305551529207131,0.003406290766777794,0.011204522394549934,0.012509059283954196,0.007348891143644006,0.01595883461371213,0.016074793448325846,0.004174518046093637,0.0987679373822293
4358.0,1,1,1,5.0,57300.0,9.0,59.0,1054.0,836.0,790.0,1353.0,1219.0,334.0,225.0,0.7273094171280516,2011,1,38.75351805152969,-9.132779110044444,0.7071067811865476,-0.7071067811865475,32.0,3,0,15,2,5373.0,68318.0,0.8387247870253813,0.0008636084194502181,0.015427852103398811,0.012236892180684446,0.011563570362130038,0.01980444392400246,0.017843028191691795,0.004888901899938523,0.0786469158933224
4459.0,2,1,1,3.0,57300.0,16.0,287.0,585.0,1109.0,1001.0,1166.0,1254.0,405.0,101.0,0.9508980339716373,2013,1,38.78588617736677,-9.149020415640807,-0.8660254037844384,-0.5000000000000004,57.0,2,0,13,3,4599.0,67706.0,0.8463060880867279,0.004238915310312233,0.008640297757953505,0.016379641390718694,0.014784509496942664,0.01722151655687827,0.018521253655510588,0.005981744601660119,0.06792603314329601
4602.999999999998,1,1,1,4.0,57300.0,8.0,255.99999999999994,511.0,633.0,1515.0,1548.0,1054.0,146.0,183.0,0.4823270988719564,2011,1,38.72139512380267,-9.166913759447684,0.8660254037844387,-0.49999999999999983,80.0,3,1,15,2,6295.0,69258.0,0.8273412457766611,0.0036963238903808936,0.007378209015564989,0.009139738369574634,0.02187472927315256,0.022351208524646973,0.01521845851742759,0.002108059718732854,0.09089202691385832
4862.0,1,1,1,3.0,57300.0,8.0,271.0,775.0,757.0,1212.0,1058.0,1933.0,366.0,234.0,0.1702537547946323,2014,1,38.76013895828447,-9.146651470768363,0.8660254037844387,-0.49999999999999983,67.0,2,1,12,2,3683.0,67355.0,0.8507163536485784,0.004023457798233242,0.011506198500482519,0.011238957761116473,0.017994209783980402,0.01570781679162646,0.028698686066364783,0.00543389503377626,0.05468042461584144
5061.0,1,0,2,4.0,55322.0,8.0,231.00000000000006,809.0,571.0,712.0,846.0,1439.0,509.0,138.0,0.05026724255757692,2013,1,38.781898349401935,-9.192782402807635,0.8660254037844387,-0.49999999999999983,52.0,2,0,13,1,9894.0,70333.0,0.786572448210655,0.003284375755335334,0.011502424182105129,0.00811852188872933,0.010123270726401547,0.012028493026033298,0.020459812605746946,0.0072370011232280726,0.1406736524817653
5331.000000000002,0,0,2,4.0,57300.0,8.0,268.00000000000006,882.0,462.0,910.0,900.0,2054.0,417.0,144.0,0.4813095094133958,2006,1,38.75360962112416,-9.140850126114492,0.8660254037844387,-0.49999999999999983,66.0,1,0,20,0,5170.0,68363.0,0.8381726957564765,0.003920249257639367,0.012901715840440003,0.0067580416307066685,0.013311294121088894,0.01316501616371429,0.030045492444743502,0.006099790822520954,0.07562570396266986
5365.999999999998,0,1,0,1.0,57300.0,14.0,805.0,196.0,1241.0,947.0,945.0,995.0,211.0,123.0,0.8463340301766544,2015,1,38.78422050069338,-9.13659643748166,-0.4999999999999998,-0.8660254037844388,66.0,2,1,11,1,10534.0,73174.0,0.7830650230956351,0.011001175280837456,0.0026785470248995545,0.016959575805614018,0.012941755268264684,0.012914423155765709,0.013597725968240085,0.0028835378686418675,0.14395823653210157
5598.0,1,0,0,4.0,57300.0,13.0,340.0,930.0,537.0,1029.0,1117.0,1379.0,364.0,387.0,0.5681473726356596,2010,1,38.776810294367465,-9.179852486243323,-0.2588190451025208,-0.9659258262890683,61.0,3,0,16,1,5590.0,68586.0,0.8354474674131747,0.004957279911352171,0.013559618581051527,0.007829586212929753,0.015003061849357012,0.016286122532295222,0.02010614411104307,0.005307205552153501,0.08150351383664305
5963.0,1,1,2,5.0,57300.0,20.0,237.0,794.0,1115.0,846.0,1449.0,1326.0,297.0,291.0,0.511424554937788,2007,1,38.71141446540749,-9.161105455976491,-0.8660254037844385,0.5000000000000001,63.0,1,1,19,2,5290.0,68654.0,0.8346199784426254,0.003452093104553267,0.01156524018993795,0.016240859964459464,0.012322661461823054,0.021105835056952252,0.01931424243307018,0.004326040725959157,0.07705304862061933
6107.000000000002,1,0,0,3.0,57300.0,14.0,304.99999999999994,825.0,704.0,1198.0,978.0,2324.0,386.0,229.0,0.036918652248817574,2011,1,38.743473233797374,-9.147118362039336,-0.4999999999999998,-0.8660254037844388,83.0,1,1,15,1,3562.0,67582.0,0.8478588973395282,0.004513036015507087,0.012207392500961794,0.010416974934154064,0.017726613595336036,0.01447130892841289,0.0343878547542245,0.00571158000651061,0.05270634192536474
6299.0,1,0,1,4.0,57300.0,21.0,279.0,692.0,344.0,1060.0,1025.0,2060.0,440.0,291.0,0.6723571329099275,2006,1,38.756498950845774,-9.195288418560112,-0.7071067811865478,0.7071067811865474,80.0,3,0,20,1,4943.0,68143.0,0.840878740296142,0.0040943310391382826,0.010155114978794594,0.005048207446105983,0.015555522944396343,0.015041897186798351,0.03023054459005327,0.006457009524089048,0.0725386319944822
6370.000000000002,2,0,0,1.0,57300.0,15.0,559.0,1405.0,368.0,1245.0,926.0,38.0,391.0,363.0,0.3101077824001378,2016,1,38.78265912858348,-9.144959061158517,-0.7071067811865471,-0.7071067811865479,69.0,1,0,10,2,14351.0,76583.0,0.7482078268022929,0.0072992700729927005,0.01834610814410509,0.004805243983651724,0.016256871629473903,0.01209145632842798,0.0004961936722249063,0.005105571732629957,0.18739145763420081
6450.0,1,0,1,3.0,57300.0,16.0,321.00000000000006,705.0,658.0,1278.0,721.0,1339.0,256.0,173.0,0.1387415942330745,2006,1,38.74106771773516,-9.17169945855832,-0.8660254037844384,-0.5000000000000004,59.0,2,1,20,1,6267.0,68845.0,0.8323044520299223,0.004662647977340403,0.010240395090420509,0.009557702084392475,0.018563439610719733,0.01047280122013218,0.01944948798024548,0.0037184980753867383,0.09103057593144019
6505.0,0,1,2,4.0,56749.0,14.0,219.00000000000006,411.0,749.0,1110.0,1271.0,967.0,276.0,194.0,0.2869629798178563,2012,1,38.78322638982387,-9.129773914398108,-0.4999999999999998,-0.8660254037844388,43.0,2,0,14,1,7433.0,69185.0,0.8202500542025005,0.003165426031654261,0.005940594059405941,0.01082604610826046,0.0160439401604394,0.018371034183710343,0.01397701813977018,0.00398930403989304,0.10743658307436584
6871.000000000002,1,1,0,3.0,57300.0,8.0,296.0,964.0,725.0,1299.0,1420.0,2713.0,262.0,434.0,0.3480358502703455,2016,1,38.78316364255181,-9.168393431806646,0.8660254037844387,-0.49999999999999983,69.0,3,1,10,2,3399.0,68378.0,0.8379888268156425,0.004328877709204715,0.014098101728626166,0.010602825470180467,0.018997338325192313,0.020766913334698295,0.03967650413875808,0.0038316417561203896,0.049708970721577116
7480.0,0,0,1,4.0,57300.0,18.0,510.0,556.0,790.0,1084.0,1193.0,1440.0,261.0,309.0,0.3177396000883954,2005,1,38.72969256899476,-9.147402078804395,-1.0,-2.220446049250313e-16,64.0,3,1,21,0,4992.0,68126.0,0.8410885711769368,0.007486128643983208,0.008161348090303262,0.011596160056366146,0.01591169303936823,0.017511669553474444,0.02113730440654082,0.003831136423685524,0.07327598860934151
7678.0,1,1,2,4.0,57300.0,20.0,478.0,578.0,658.0,1246.0,1830.0,1632.0,551.0,257.0,0.2109351859428941,2013,1,38.78571826455985,-9.194164997821296,-0.8660254037844385,0.5000000000000001,32.0,1,1,13,2,3556.0,67829.0,0.8447714104586533,0.007047133232098365,0.008521428887349069,0.009700865411549632,0.018369723864423773,0.026979610491087883,0.024060505093691488,0.008123369060431379,0.052425953500715036
7690.0,0,1,1,4.0,57300.0,11.0,427.0,928.0,634.0,843.4,1285.0,1938.0,368.0,296.0,0.7950989137875022,2007,1,38.734882794035016,-9.180821928794376,0.258819045102521,-0.9659258262890682,40.0,1,1,19,1,4712.0,68435.4,0.8372859660351223,0.006239460863821941,0.013560233446432696,0.009264211212325785,0.012324031130087645,0.018776831873562515,0.02831867717584759,0.005377333952895724,0.06885325430990394
7749.0,1,1,1,3.0,57300.0,16.0,382.0,906.0,1017.0,970.0,160.0,676.0,391.0,195.0,0.7070791382793442,2011,1,38.73948587261293,-9.182589464390311,-0.8660254037844384,-0.5000000000000004,81.0,2,0,15,2,5917.0,67719.0,0.8461436229123289,0.005640957486082193,0.013378815398927922,0.015017941788862801,0.014323897281412897,0.002362704706212437,0.009982427383747544,0.005773859625806642,0.08737577341661867
7966.0,1,1,1,4.0,54984.0,23.0,444.0,935.0,762.0,929.0,1651.0,1255.0,513.0,145.0,0.3807180908291518,2006,1,38.708652731598555,-9.194931863501486,-0.25881904510252157,0.9659258262890681,70.0,3,1,20,2,6626.0,68099.0,0.8074127373382869,0.00651991952892113,0.013730010719687514,0.011189591623959235,0.013641903699026417,0.02424411518524501,0.01842905182161265,0.007533150266523738,0.0972995198167374
7979.0,1,0,1,5.0,57300.0,15.0,365.0,736.0,646.0,780.0,1408.0,1764.0,276.0,251.0,0.7560351016644962,2013,0,38.77694564116355,-9.163006896984614,-0.7071067811865471,-0.7071067811865479,42.0,3,0,13,1,5883.0,69158.0,0.8285375516932242,0.005277769744642702,0.010642297348101449,0.009340929465860782,0.011278521646085775,0.020359177535498423,0.02550681049191706,0.003990861505538043,0.08506608056913155
8124.000000000002,1,1,1,7.0,57300.0,14.0,291.0,990.0,658.0,734.0,1403.0,721.0,415.0,403.0,0.4126133711401962,2007,1,38.74996255021534,-9.174137318993797,-0.4999999999999998,-0.8660254037844388,83.0,3,1,19,2,4835.0,67347.0,0.8508174083478106,0.004320905162813488,0.014699986636375785,0.00977029414821744,0.010898777970807905,0.020832405303873966,0.010705747843259537,0.0061621156101979305,0.07179235897664335
8220.0,1,0,2,1.0,57300.0,14.0,12.999999999999886,781.0,255.0,928.0,1464.0,673.0,295.0,363.0,0.5269213297533858,2021,1,38.73976919756659,-9.195930114351093,-0.4999999999999998,-0.8660254037844388,31.0,2,1,5,1,9972.0,71681.0,0.7993750087191864,0.00018135907702180335,0.010895495319540743,0.0035574280492738663,0.012946247959710383,0.020423822212301726,0.009388819910436517,0.004115455978571728,0.13911636277395684
8253.0,1,6,1,4.0,57300.0,9.0,1214.0,659.0,1168.0,417.0,1793.0,1150.0,540.0,339.0,0.1528488694289505,2011,1,38.76417912874204,-9.173687706449645,0.7071067811865476,-0.7071067811865475,44.0,1,1,15,7,5505.0,69746.0,0.821552490465403,0.017406016115619535,0.00944857052734207,0.01674648008487942,0.0059788374960571215,0.02570756745906575,0.016488400768502852,0.0077423794912969916,0.07892925759183322
8321.0,1,1,0,3.0,57300.0,14.0,309.00000000000006,765.0,742.0,934.0,1292.0,948.0,410.0,111.0,0.1913644759113422,2018,1,38.7190408865751,-9.178554477959546,-0.4999999999999998,-0.8660254037844388,39.0,1,0,8,2,4660.0,67360.0,0.8506532066508313,0.004587292161520191,0.01135688836104513,0.01101543942992874,0.013865795724465559,0.019180522565320664,0.014073634204275534,0.006086698337292162,0.06918052256532066
8482.0,2,0,3,4.0,57300.0,11.0,408.0,541.0,591.0,1081.0,825.0,1099.0,506.0,246.0,0.459245883013046,2009,1,38.747645457397816,-9.15731072990126,0.258819045102521,-0.9659258262890682,56.0,2,1,17,2,6061.0,68412.0,0.8375723557270655,0.0059638659884230835,0.007907969362100217,0.008638835292054026,0.015801321405601358,0.012059287844237853,0.016064433140384728,0.00739636321113255,0.08859556802900076
9166.0,0,1,0,3.0,57300.0,8.0,180.0,898.0,835.0,1183.0,1422.0,1208.0,4.0,315.0,0.5106795061334274,2010,1,38.77662876251299,-9.130967766387087,0.8660254037844387,-0.49999999999999983,81.0,2,0,16,1,5089.0,68119.0,0.8411750025690335,0.002642434563044085,0.0131828124311866,0.01225796033412117,0.0173666671560064,0.020875233048048267,0.01773367195642919,5.872076806764632e-05,0.07470749717406304
9248.0,1,1,0,1.0,57300.0,13.0,882.0,273.0,940.0,918.0,968.0,1188.0,200.0,1.0,0.62347622902552,2019,1,38.72411467187251,-9.186912946967682,-0.2588190451025208,-0.9659258262890683,83.0,1,1,7,2,14351.0,77020.0,0.743962607115035,0.011451571020514152,0.0035445338873019996,0.012204622176058166,0.011918982082575955,0.012568164113217347,0.01542456504803947,0.0025967281225655675,0.1863282264346923
10719.0,1,0,1,4.0,57300.0,6.0,239.0,538.0,647.0,1132.0,1058.0,1871.0,237.0,286.0,0.6565532475817554,2012,1,38.77706140563165,-9.139428367500273,1.0,5.551115123125783e-17,37.0,3,1,14,1,8685.0,71707.0,0.799085166022843,0.0033330079350691005,0.007502754263879398,0.00902282901250924,0.015786464361917246,0.014754487009636438,0.026092292244829653,0.0033051166552777273,0.12111788249403824
10939.0,1,0,1,6.0,56375.0,9.0,216.0,443.0,960.0,912.0,886.0,1480.0,354.0,317.0,0.452485580507329,2002,1,38.75598240728787,-9.12053258967559,0.7071067811865476,-0.7071067811865475,71.0,1,0,24,1,6433.0,68059.0,0.8283254235295846,0.003173716922082311,0.006509058317048443,0.014105408542588049,0.013400138115458647,0.013018116634096886,0.021745838169823242,0.005201369400079343,0.09452093036923845
11685.0,5,3,1,3.0,54699.0,11.0,48.0,939.0,1346.0,1367.0,1587.0,1251.0,778.0,288.0,0.3312531280851193,2014,1,38.760158917545446,-9.131450407348378,0.258819045102521,-0.9659258262890682,38.0,3,1,12,8,7304.0,69319.0,0.7890910140077035,0.0006924508432031622,0.01354606962016186,0.019417475728155338,0.019720422972056725,0.02289415600340455,0.018047000100982414,0.011223474083584588,0.10536793664074785
11921.0,1,1,1,4.0,57300.0,8.0,367.0,714.0,623.0,657.0,873.0,1222.0,117.00000000000003,214.0,0.37602316443532924,2012,1,38.72600995625438,-9.182077536314964,0.8660254037844387,-0.49999999999999983,58.0,1,1,14,2,6228.0,68101.0,0.8413973363093052,0.005389054492591886,0.010484427541445794,0.009148176972437997,0.009647435426792559,0.012819195019162715,0.017943936212390422,0.0017180364458671683,0.09145240158000617
12028.0,2,1,1,5.0,57300.0,6.0,378.00000000000006,847.0,344.0,832.0,1194.0,914.0,277.0,321.0,0.1295456662652964,2013,1,38.71445984675918,-9.164173713055437,1.0,5.551115123125783e-17,84.0,2,1,13,3,6456.0,68542.0,0.8359837763706924,0.00551486679700038,0.012357386711797147,0.005018820577164366,0.012138542791281258,0.01741997607306469,0.013334889556768113,0.0040413177321934,0.09419042339003822
12302.0,1,0,0,2.0,57300.0,11.0,998.0,352.0,509.0,840.0,26.0,1310.0,442.0,28.0,0.0772199333733084,2021,0,38.78724588351369,-9.130402454048037,0.258819045102521,-0.9659258262890682,30.0,1,1,5,1,6242.0,68019.0,0.8424116790896661,0.01467237095517429,0.005175024625472295,0.007483203222628972,0.01234949058351343,0.00038224613710874904,0.01925932460047928,0.0064981843308487336,0.09176847645510813
12303.0,1,1,0,1.0,57300.0,16.0,1433.0,507.0,739.0,630.0,1276.0,350.0,82.99999999999997,423.0,0.7724758374134464,2021,0,38.7336832476276,-9.156177625896463,-0.8660254037844384,-0.5000000000000004,41.0,3,0,5,2,14351.0,76669.0,0.7473685583482241,0.018690735499354367,0.0066128422178455435,0.009638837078871513,0.008217141217441208,0.016642971735642827,0.004565078454134005,0.001082575747694635,0.18718125970079172
12419.0,1,0,1,2.0,57300.0,21.0,258.0,529.0,327.0,779.0,2490.0,1113.0,401.0,295.0,0.7440743963238234,2013,0,38.737368914545975,-9.177433100848996,-0.7071067811865478,0.7071067811865474,34.0,1,0,13,1,5335.0,68532.0,0.8361057608124671,0.0037646646821922606,0.007719021770851573,0.0047714936088250745,0.011366952664448725,0.03633339170022763,0.016240588338294518,0.005851281153329831,0.07784684526936322
12481.0,0,1,1,1.0,57300.0,17.0,369.0,424.0,854.0,720.0,1065.0,438.0,347.0,108.0,1.0,2017,0,38.77723117084845,-9.14517928334488,-0.9659258262890683,-0.25881904510252063,53.0,2,1,9,1,14351.0,75868.0,0.7552591342858649,0.004863710655348763,0.005588653977961723,0.011256392682026679,0.009490167132387832,0.014037538883323668,0.005773185005535931,0.00457373332630358,0.1891574840512469
12916.0,0,0,0,5.0,57300.0,17.0,356.0,486.0,592.0,1466.0,745.0,1526.0,409.0,212.0,0.139561089965274,2012,1,38.75611082638365,-9.155693292472298,-0.9659258262890683,-0.25881904510252063,33.0,2,0,14,0,5590.0,68470.0,0.8368628596465605,0.005199357382795385,0.007097999123703812,0.008646122389367607,0.021410836862859647,0.01088067766905214,0.022287133050971228,0.005973419015627282,0.08164159485906236
13105.0,1,1,1,4.0,57300.0,10.0,312.0,866.0,466.0,887.0,1097.0,1862.0,847.0,170.0,0.81988471328573,2013,1,38.77446552796249,-9.192300061035814,0.4999999999999999,-0.8660254037844387,57.0,2,1,13,2,5724.0,69361.0,0.8261126569686135,0.004498205043179885,0.01248540245959545,0.006718472917057136,0.012788166260578712,0.015815804270411325,0.02684505702051585,0.012211473306324879,0.08252476175372328
13224.0,1,1,0,1.0,57300.0,14.0,695.0,212.0,1417.0,1119.0,191.0,853.0,453.0,325.0,0.573869232522971,2021,0,38.78679227082983,-9.193862253432032,-0.4999999999999998,-0.8660254037844388,25.0,3,0,5,2,5930.0,68170.0,0.8405456945870617,0.010195100484083909,0.0031098723778788325,0.02078626962006748,0.01641484523984157,0.0028018189819568723,0.012512835558163415,0.006645151826316561,0.0869884113246296
13546.0,1,0,0,1.0,57300.0,13.0,1196.0,129.0,756.0,1002.0,1066.0,231.0,410.0,98.0,0.6185481801602306,2021,0,38.77955969186983,-9.132577487611709,-0.2588190451025208,-0.9659258262890683,61.0,2,1,5,1,10340.0,72430.0,0.7911086566339914,0.016512494822587327,0.001781029959961342,0.010437663951401353,0.013834046665746239,0.014717658428827834,0.0031892862073726355,0.0056606378572414745,0.14275852547287035
13616.0,4,1,2,5.0,57300.0,9.0,1121.0,633.0,887.0,1753.0,463.0,945.0,139.0,335.0,0.22275759874754053,2010,1,38.737662871790555,-9.144583274674533,0.7071067811865476,-0.7071067811865475,78.0,3,1,16,5,4940.0,68181.0,0.8404100849210191,0.016441530631700913,0.009284111409336913,0.0130094894472067,0.025710975198369047,0.006790748155644535,0.013860166321995864,0.0020386911309602383,0.07245420278376674
13867.0,1,0,1,5.0,57300.0,12.0,268.00000000000006,660.0,805.0,821.0,1159.0,1654.0,142.0,226.0,0.5361302029279273,2014,1,38.782100120551206,-9.17798998740441,1.249000902703301e-16,-0.9999999999999999,66.0,1,0,12,1,6028.0,68837.0,0.8324011795981812,0.003893255080843152,0.00958786699013612,0.01169429231372663,0.011926725452881445,0.01683687551752691,0.024027775760129,0.0020628441099989833,0.08756918517657655
14009.0,1,0,3,5.0,57300.0,21.0,429.0,914.0,558.0,1047.0,349.0,820.0,253.0,79.0,0.3194224845492883,2010,1,38.77964098347484,-9.171325741011694,-0.7071067811865478,0.7071067811865474,55.0,2,0,16,1,7211.0,68881.0,0.8318694560183505,0.006228132576472467,0.01326926147994367,0.008100927686880272,0.015200127756565672,0.005066709252188557,0.011904589073910076,0.003673001263047865,0.10468779489264093
14098.0,1,1,1,4.0,57300.0,12.0,519.0,914.0,881.0,1039.0,552.0,1335.0,254.0,217.0,0.07865836961284473,2010,1,38.72236498292283,-9.145724731758024,1.249000902703301e-16,-0.9999999999999999,56.0,3,0,16,2,5906.0,68700.0,0.834061135371179,0.007554585152838428,0.013304221251819504,0.012823871906841339,0.01512372634643377,0.008034934497816594,0.01943231441048035,0.0036972343522561862,0.08596797671033479
15508.0,0,0,1,1.0,57300.0,9.0,432.0,8.0,580.0,1207.0,1160.0,813.0,400.0,79.0,0.4726164044756448,2021,0,38.759422144457965,-9.176231362370071,0.7071067811865476,-0.7071067811865475,80.0,1,1,5,0,7175.0,69075.0,0.8295331161780674,0.006254071661237785,0.0001158161418747738,0.0083966702859211,0.017473760405356496,0.0167933405718422,0.011769815418023888,0.00579080709373869,0.10387260224393775
15724.0,1,0,1,4.0,57300.0,18.0,386.99999999999994,1007.0,715.0,1256.0,1671.0,1754.0,487.0,31.0,0.566771522334514,2019,1,38.741195724073805,-9.151611318004592,-1.0,-2.220446049250313e-16,37.0,1,0,7,1,4240.0,68817.0,0.8326430969091939,0.005623610445093508,0.014633012191754944,0.010389874594940203,0.018251304183559296,0.024281790836566546,0.025487888167167995,0.0070767397590711595,0.0616126829126524
16725.0,0,1,0,4.0,57300.0,18.0,184.0,662.0,957.0,727.0,751.0,1053.0,373.0,288.0,0.2325869165887808,2002,1,38.74818627142275,-9.164610220072284,-1.0,-2.220446049250313e-16,60.0,2,1,24,1,6919.0,68926.0,0.8313263499985492,0.0026695296404839973,0.00960450338043699,0.013884455793169485,0.01054754374256449,0.010895743260888489,0.015277253866465485,0.005411600847285494,0.1003830194701564
17038.0,1,2,0,4.0,57300.0,16.0,320.0,776.0,1506.0,1066.0,1158.0,1653.0,191.0,494.0,0.6710666519229743,2011,1,38.7666405698179,-9.127227150054717,-0.8660254037844384,-0.5000000000000004,84.0,2,0,15,3,4588.0,68558.0,0.8357886752822428,0.0046675807345605185,0.011318883281309257,0.02196680183202544,0.015548878322004725,0.016890807783190874,0.024110971731964175,0.0027859622509408093,0.06692143878176143
17170.0,0,1,2,4.0,57300.0,14.0,250.0,477.0,843.0,1237.0,1276.0,925.0,354.0,282.0,1.0,2007,1,38.767431553540945,-9.183482503668689,-0.4999999999999998,-0.8660254037844388,42.0,3,0,19,1,5048.6,67710.6,0.8462485932778618,0.003692184089344947,0.007044687242470159,0.012450044749271161,0.0182689268740788,0.01884490759201661,0.013661081130576305,0.005228132670512445,0.07456144237386761
17874.0,3,0,0,4.0,57300.0,8.0,313.59999999999997,677.0,463.0,1118.0,1311.0,1394.0,414.0,303.0,0.5401609087404889,2004,1,38.728556873870616,-9.150158696517869,0.8660254037844387,-0.49999999999999983,69.0,2,1,22,3,5020.0,68010.6,0.84251572548985,0.004611045925194013,0.00995433064845774,0.006807762319403152,0.01643861398076182,0.019276406913040025,0.020496804909822877,0.006087286393591586,0.07381202341987866
17887.0,1,1,2,4.0,57300.0,11.0,167.0,544.0,1119.0,1233.0,224.0,564.0,312.0,249.0,0.9826831632681066,2011,0,38.75161994061726,-9.123800295276494,0.258819045102521,-0.9659258262890682,83.0,1,1,15,2,5934.0,67397.0,0.8501862100686974,0.0024778550974078966,0.00807157588616704,0.016603112898200215,0.01829458284493375,0.0033235900707746634,0.008368324999629063,0.004629286170007567,0.08804546196418238
18099.0,0,1,1,1.0,57300.0,17.0,745.0,712.0,1252.0,885.0,1390.0,9.999999999999886,243.0,216.0,0.1704274983311253,2018,0,38.75352903223904,-9.125692057021064,-0.9659258262890683,-0.25881904510252063,51.0,1,0,8,1,13381.0,75918.0,0.7547617165889512,0.009813219526331041,0.00937854000368819,0.01649147764693485,0.011657314470876472,0.018309228377986774,0.00013172106746752927,0.0032008219394609972,0.1762559603783029
18109.0,2,1,1,4.0,57300.0,14.0,788.0,676.0,883.0,1396.0,1767.0,668.0,374.0,173.0,0.7382226269310477,2001,1,38.71617038420879,-9.154477837952747,-0.4999999999999998,-0.8660254037844388,84.0,3,0,25,3,4941.0,68793.0,0.832933583358772,0.01145465381652203,0.009826581192853925,0.012835608274097656,0.020292762345006033,0.025685752910906634,0.009710290291163345,0.005436599654034567,0.07182416815664384
18551.0,1,1,0,3.0,57300.0,22.0,1073.0,920.0,550.0,950.0,749.0,1062.0,440.0,109.0,0.5927837715772131,2008,1,38.76208930495832,-9.19637190809564,-0.5000000000000004,0.8660254037844385,44.0,2,1,18,2,4564.0,67608.0,0.8475328363507277,0.015870902851733523,0.013607857058336292,0.00813513193704887,0.014051591527629866,0.011078570583362916,0.015708200212992546,0.006508105549639096,0.06750680392852917
18616.0,1,2,1,2.0,57300.0,13.0,288.99999999999994,814.0,574.0,1085.0,635.0,833.0,351.0,228.0,0.6388609354375934,2004,1,38.7612358571059,-9.164874369466627,-0.2588190451025208,-0.9659258262890683,56.0,1,0,22,3,6141.0,68022.0,0.8423745258886831,0.004248625444709064,0.011966716650495427,0.00843844638499309,0.01595072182529182,0.009335215077474935,0.012246038046514363,0.005160095263297169,0.09027961541854106
19417.0,1,1,0,2.0,50853.0,10.0,772.0,83.0,44.0,775.0,264.0,138.0,398.0,135.0,0.1586547636819538,2019,0,38.71563902882842,-9.178347015289704,0.4999999999999999,-0.8660254037844387,75.0,0,1,7,2,14351.0,67678.0,0.7513963178580927,0.011406956470344868,0.0012263955790655751,0.0006501374154082568,0.011451284021395431,0.0039008244924495406,0.002039067348325896,0.005880788439374686,0.21204822837554302
19515.0,0,1,1,4.0,57300.0,8.0,296.0,796.0,919.0,663.0,1138.0,934.0,185.0,244.0,0.09061988860066972,2007,1,38.728096122514266,-9.151144967495128,0.8660254037844387,-0.49999999999999983,77.0,3,0,19,1,7575.0,69806.0,0.8208463455863393,0.00424032318138842,0.011403031258058046,0.013165057444918775,0.009497750909663925,0.016302323582500073,0.013379938687218864,0.0026502019883677622,0.10851502736154485
19609.0,1,1,1,4.0,57300.0,8.0,332.0,815.0,766.0,845.0,488.0,2046.0,417.0,216.0,0.6649741977104338,2013,1,38.76799991614872,-9.183454632439542,0.8660254037844387,-0.49999999999999983,55.0,3,1,13,2,4716.0,67725.0,0.8460686600221484,0.00490217792543374,0.012033960871170174,0.011310446659283869,0.012476928755998524,0.007205610926541159,0.030210409745293466,0.0061572535991140645,0.06963455149501661
19902.0,2,0,0,5.0,57300.0,12.0,306.0,676.0,766.0,606.0,1383.0,1779.0,299.0,308.0,0.5554971795430851,2013,1,38.72297037774246,-9.178424617448348,1.249000902703301e-16,-0.9999999999999999,39.0,2,0,13,2,4760.0,67875.0,0.8441988950276244,0.0045082872928176795,0.009959484346224678,0.011285451197053407,0.00892817679558011,0.020375690607734805,0.026209944751381217,0.0044051565377532225,0.07012891344383057
20102.0,0,0,1,5.0,57300.0,23.0,285.0,1079.9999999999998,656.0,1055.0,470.0,2190.0,479.0,168.0,0.2199898262974268,2017,1,38.743014109452865,-9.160571216773413,-0.25881904510252157,0.9659258262890681,40.0,3,0,9,0,5027.0,68542.0,0.8359837763706924,0.004158034489801873,0.015756762277143937,0.009570774123894838,0.015392022409617461,0.006857109509497826,0.03195121239531966,0.006988415861807359,0.07334189256222462
20230.0,2,1,1,3.0,57300.0,13.0,275.0,951.0,564.0,1045.0,1461.0,1198.0,171.0,328.0,0.4052093366739134,2011,1,38.78709503731546,-9.186154170421997,-0.2588190451025208,-0.9659258262890683,76.0,3,1,15,3,5442.0,68407.0,0.837633575511278,0.004020056426973848,0.013902086043825925,0.008244770272048183,0.015276214422500621,0.021357463417486514,0.0175128276345988,0.002499744178227374,0.07955326209306066
20307.0,5,4,1,2.0,56584.0,12.0,1154.0,777.0,993.0,1555.0,680.0,1708.0,585.0,188.0,0.2923434364407584,2006,1,38.713797088308986,-9.171094549669355,1.249000902703301e-16,-0.9999999999999999,60.0,3,1,20,9,5461.0,69497.0,0.8141934184209391,0.016605033310790395,0.011180338719656964,0.014288386549059671,0.022375066549635236,0.009784595018490006,0.02457660042879549,0.008417629537965668,0.07857893146466755
20691.0,0,1,1,2.0,53151.0,11.0,185.0,767.0,958.0,845.0,1588.0,662.0,456.0,159.0,0.5945056052782832,2021,0,38.72193139830079,-9.163090611159008,0.258819045102521,-0.9659258262890682,81.0,0,1,5,1,11713.0,70325.0,0.7557909704941344,0.002630643441166015,0.010906505510131533,0.013622467116956985,0.012015641663704231,0.02258087451119801,0.009413437611091362,0.006484180590117313,0.16655527906150017
20773.0,1,1,2,3.0,57300.0,14.0,437.0,941.0,722.0,519.0,1351.0,819.0,388.4,317.0,0.7888716403612142,2010,1,38.71597767852445,-9.1744733584753,-0.4999999999999998,-0.8660254037844388,64.0,1,0,16,2,4861.0,67338.4,0.8509260689294668,0.006489610682760506,0.013974196001092988,0.010721965475865184,0.0077073408337590445,0.020062846756085682,0.012162451142290285,0.005767882812778445,0.07218763736590118
21238.0,1,1,1,4.0,57300.0,14.0,313.00000000000006,828.0,832.0,1042.8,1705.0,639.0,316.0,298.0,0.4208645624793924,2015,1,38.783392852457105,-9.12143009908712,-0.4999999999999998,-0.8660254037844388,53.0,3,1,11,2,6328.0,69303.8,0.8267944903454068,0.0045163468669827634,0.011947396823839385,0.012005113716708175,0.01504679397089337,0.024601825585321438,0.00922027363578909,0.004559634536634355,0.09130812451842467
21436.0,1,1,1,6.0,54228.0,6.0,80.0,1187.0,806.0,1012.0,715.0,1466.0,362.0,172.0,0.6944179286042165,2009,1,38.745613080321355,-9.14364967965418,1.0,5.551115123125783e-17,39.0,2,1,17,2,7619.0,67475.0,0.8036754353464246,0.0011856243052982586,0.017591700629862914,0.011945164875879955,0.014998147462022972,0.010596517228603186,0.02172656539459059,0.00536494998147462,0.1129158947758429
21519.0,1,1,1,1.0,57300.0,15.0,791.0,190.0,76.0,900.0,917.5999999999999,458.0,207.0,335.0,0.5782742777765362,2017,0,38.76030288074011,-9.177912913160146,-0.7071067811865471,-0.7071067811865479,75.0,0,0,9,2,13994.0,74833.6,0.7656988304718736,0.010570118235658848,0.0025389664535716574,0.001015586581428663,0.012026683201128903,0.012261871672617646,0.006120245451241153,0.0027661371362596478,0.18700156079621988
21632.0,0,1,1,1.0,57300.0,15.0,433.0,433.0,608.0,817.0,744.0,1275.0,211.0,138.0,0.8282419008551158,2017,0,38.78195757498265,-9.164658396464574,-0.7071067811865471,-0.7071067811865479,62.0,0,1,9,1,7322.0,69143.0,0.8287172960386445,0.006262383755405464,0.006262383755405464,0.00879337026163169,0.011816091289067585,0.010760308346470359,0.01844004454536251,0.0030516465875070507,0.10589647542050533
21643.0,1,1,1,4.0,57300.0,7.000000000000001,470.0,744.0,650.0,1172.0,572.0,1331.0,248.0,296.0,0.2347994208358965,2017,1,38.753304608841795,-9.130329793666808,0.9659258262890682,-0.25881904510252063,31.0,2,1,9,2,4974.8,67461.8,0.8493695691487627,0.006966905715530863,0.011028463515648856,0.009635082372542682,0.01737279467787696,0.00847887248783756,0.019729684058237402,0.003676154505216285,0.07374247351834667
21959.0,0,1,1,4.0,57300.0,23.0,311.0,890.0,975.0,922.0,1364.0,2193.0,373.0,289.0,0.5509687642184622,2011,1,38.76103539473848,-9.131194966896404,-0.25881904510252157,0.9659258262890681,67.0,2,1,15,1,4318.0,68646.0,0.8347172449960668,0.004530489759053696,0.012965067156134371,0.014203303907001136,0.013431226874107742,0.01987005797861492,0.03194650817236255,0.005433674212627101,0.0629024269440317
21976.0,1,0,0,4.0,57300.0,23.0,308.0,1454.0,746.0,1056.0,1385.0,1625.0,206.0,260.0,0.5701337595375708,2008,1,38.77791406337274,-9.131666161914993,-0.25881904510252157,0.9659258262890681,85.0,1,0,18,1,4433.0,68513.0,0.8363376293550129,0.004495497204910017,0.021222249792010275,0.01088844452877556,0.015413133273977201,0.020215141651949264,0.023718126486944085,0.003006728650037219,0.06470304905638347
21977.0,0,0,1,2.0,57300.0,16.0,514.0,228.0,761.0,973.0,1272.0,921.0,227.0,20.0,0.6094270879547556,2014,0,38.7159020165445,-9.168214314498076,-0.8660254037844384,-0.5000000000000004,58.0,0,1,12,0,14351.0,76547.0,0.7485597084144382,0.00671482879799339,0.002978562190549597,0.00994160450442212,0.012711144786862973,0.01661724169464512,0.012031823585509556,0.0029654983212928005,0.18747958770428624
21990.0,1,1,0,3.0,57300.0,8.0,232.0,385.0,457.0,482.0,979.0,2082.0,320.4,280.0,0.0833482226190847,2008,1,38.738245166673245,-9.149525049110109,0.8660254037844387,-0.49999999999999983,51.0,2,0,18,2,5960.0,68197.4,0.8402079844686162,0.003401889221583228,0.005645376509954925,0.006701135233894548,0.007067718124151361,0.01435538598245681,0.030529023100587416,0.004698126321531319,0.0873933610372243
22107.0,1,1,2,5.0,57300.0,16.0,76.0,626.0,1062.0,734.0,808.0,2443.0,79.0,377.0,0.2308780678395943,2004,1,38.72994318711916,-9.118745179589611,-0.8660254037844384,-0.5000000000000004,56.0,2,0,22,2,4564.0,67692.0,0.8464811203687289,0.0011227323760562547,0.00924776930804231,0.01568870767594398,0.010843231105595935,0.011936417892808604,0.03608993677243987,0.0011670507593216333,0.06742303374106245
22118.0,1,0,0,2.0,55130.0,8.0,188.0,309.0,963.0,1089.0,1335.0,1186.0,230.0,176.0,0.2836703508258117,2015,0,38.732289208177235,-9.175252898863684,0.8660254037844387,-0.49999999999999983,65.0,0,1,11,1,14094.0,74524.0,0.7397616875100639,0.002522677258332886,0.004146315280983307,0.01292201170092856,0.014612742203853791,0.017913692233374485,0.01591433632118512,0.0030862540926412966,0.18912028339863668
22340.0,2,3,2,1.0,54249.0,10.0,698.0,670.0,1023.0,1268.0,1320.0,1431.0,264.0,445.0,0.08717391486837589,2020,0,38.71627158189333,-9.145902780901164,0.4999999999999999,-0.8660254037844387,46.0,1,0,6,5,7179.0,68102.0,0.7965845349622624,0.010249331884526152,0.009838183900619659,0.015021585269155091,0.018619130128336905,0.019382690669877536,0.02101259874893542,0.0038765381339755075,0.10541540630231123
22360.0,0,0,1,3.0,57300.0,21.0,362.00000000000006,709.0,925.8,1306.0,1422.0,779.0,424.0,298.0,0.2963511451781037,2016,0,38.75618562300893,-9.162257462657037,-0.7071067811865478,0.7071067811865474,62.0,3,0,10,0,4281.0,67508.8,0.8487782333562439,0.005362263882634561,0.01050233451046382,0.013713767686583082,0.019345626051714738,0.021063920555542386,0.011539236366221884,0.006280662669163131,0.06341395492143247
22955.0,1,1,5,4.0,57218.0,8.0,359.0,309.0,660.0,556.0,976.0,1506.0,489.0,254.0,0.4900554061549108,2004,1,38.75544211344393,-9.155309715383863,0.8660254037844387,-0.49999999999999983,84.0,2,1,22,2,6837.0,68910.0,0.8303294151792193,0.005209693803511827,0.004484109708315194,0.00957771005659556,0.008068495138586563,0.014163401538238281,0.021854592947322594,0.007096212451023073,0.09921636917718764
23062.0,1,1,0,1.0,57300.0,13.0,268.00000000000006,586.0,882.0,898.0,1191.0,680.0,251.0,277.0,0.691729518646696,2014,0,38.747900283787224,-9.173166380596443,-0.2588190451025208,-0.9659258262890683,75.0,0,1,12,2,6282.0,68338.0,0.8384793233632825,0.00392168339723141,0.008575024144692557,0.01290643565805262,0.013140566010126137,0.017428078082472417,0.00995053996312447,0.0036729198981532967,0.09192542948286458
23418.0,0,0,2,2.0,57300.0,14.0,295.0,216.0,517.4,1877.0,109.0,1220.0,127.0,41.0,0.4565679002610349,2019,0,38.77517316127607,-9.17520222363299,-0.4999999999999998,-0.8660254037844388,33.0,0,0,7,0,14351.0,76012.4,0.7538243760228595,0.0038809457404318246,0.0028416416268924544,0.00680678415626924,0.024693339507764523,0.0014339765617188776,0.01605001289263331,0.0016707800306265822,0.18879814346080379
23894.0,0,1,1,4.0,57300.0,8.0,468.0,952.0,635.0,1291.0,990.0,1528.0,581.0,238.0,0.9912576943108833,2007,1,38.756170331955715,-9.130935419141991,0.8660254037844387,-0.49999999999999983,40.0,0,1,19,1,3730.0,67475.0,0.8492034086698778,0.006935902185994813,0.014108929233049277,0.009410892923304928,0.019133012226750647,0.01467210077806595,0.02264542423119674,0.008610596517228604,0.05527973323453131
23918.0,1,1,2,4.0,57300.0,8.0,264.00000000000006,786.0,835.0,1954.0,1264.0,485.0,364.0,182.0,0.4670528409987377,2013,1,38.72268686467375,-9.1514563388128,0.8660254037844387,-0.49999999999999983,62.0,0,0,13,2,4871.0,68123.0,0.8411256110271127,0.003875343129339578,0.011537953407806468,0.01225724057953995,0.02868341088912702,0.018554673164716762,0.007119475067157935,0.005343276132877295,0.07150301660232226
24257.0,2,1,2,3.0,57300.0,14.0,224.0,612.0,624.0,1246.0,1069.0,1310.0,433.0,247.0,0.3125805533897426,2015,1,38.75493424178016,-9.194209022695327,-0.4999999999999998,-0.8660254037844388,40.0,0,1,11,3,6023.0,68841.0,0.8323528130038785,0.0032538748710797343,0.008890050987057132,0.009064365712293547,0.018099678970381023,0.01552853677314391,0.019029357504975232,0.006289856335613951,0.08749146584157697
25204.0,1,1,1,4.0,57300.0,7.000000000000001,230.0,875.0,1193.0,1149.0,1031.0,2110.0,279.0,364.0,0.5350020417395909,2006,1,38.76824929650093,-9.16315432074732,0.9659258262890682,-0.25881904510252063,75.0,0,1,20,2,7928.0,72095.0,0.7947846591303142,0.0031902351064567584,0.01213676399195506,0.016547610791317013,0.015937304944864415,0.014300575629377903,0.029266939454885916,0.0038698938900062416,0.10996601706082253
25777.0,0,1,1,1.0,57300.0,17.0,905.0,469.0,67.0,1330.0,671.0,1164.0,425.0,218.0,0.9865675324189134,2021,0,38.78533568255463,-9.166776786583988,-0.9659258262890683,-0.25881904510252063,33.0,0,1,5,1,10363.0,72694.0,0.7882356177951413,0.012449445621371777,0.00645170165350648,0.0009216716647866399,0.018295870360690015,0.009230472941370678,0.01601232563897983,0.005846424739318238,0.14255646958483506
26028.0,2,1,1,5.0,57300.0,21.0,327.0,479.0,499.0,1494.0,1428.0,350.99999999999994,384.0,381.0,0.1427621136738313,2026,1,38.76555521125156,-9.147630663179282,-0.7071067811865478,0.7071067811865474,28.0,0,0,0,3,6325.0,68587.0,0.8354352865703413,0.004767667342207707,0.006983830755099363,0.007275431204164054,0.02178255354513246,0.020820272063218976,0.0051175878810853365,0.005598728622042078,0.09221864201670871
26080.0,1,1,0,1.0,52575.0,20.0,275.0,27.0,500.0,1144.0,1510.0,1747.0,199.0,106.0,0.5455283186115145,2017,0,38.721538770724784,-9.177324389398215,-0.8660254037844385,0.5000000000000001,59.0,0,0,9,2,14351.0,72328.0,0.7268969140581794,0.003802123658887291,0.00037329941378166134,0.0069129521070678025,0.01581683442097113,0.020877115363344762,0.024153854662094902,0.002751354938612985,0.19841555137706007
26648.0,1,1,1,5.0,57300.0,13.0,593.0,702.0,659.0,885.0,1507.0,3376.0000000000005,567.0,257.0,0.366263416079519,2026,1,38.737556389545,-9.155123875050377,-0.2588190451025208,-0.9659258262890683,28.0,0,0,0,2,4531.0,70120.0,0.8171705647461495,0.008456930975470622,0.010011409013120365,0.009398174557900742,0.01262122076440388,0.021491728465487737,0.04814603536794068,0.008086138049058757,0.06461779806046777
26918.0,1,1,1,4.0,56444.0,21.0,217.0,780.0,922.0,900.0,1270.0,1778.0,360.0,161.0,0.2606807651734494,2012,1,38.761830307818535,-9.142502956503971,-0.7071067811865478,0.7071067811865474,50.0,0,1,14,2,4651.0,67322.0,0.8384183476426725,0.0032233148153649623,0.011586108552924749,0.013695374468970024,0.01336858679183625,0.018864561361813373,0.026410385906538724,0.0053474347167345,0.06908588574314489
27012.0,0,1,1,3.0,57300.0,23.0,332.0,378.0,579.0,979.0,1293.0,2156.0,406.0,195.0,0.3262218624019417,2012,1,38.78201832973358,-9.184395405464942,-0.25881904510252157,0.9659258262890681,63.0,0,1,14,1,6920.0,70343.0,0.8145799866369077,0.004719730463585574,0.005373669021793213,0.008231096200048334,0.013917518445332159,0.01838135990787996,0.03064981590207981,0.005771718578963081,0.09837510484341015
27066.0,1,1,1,6.0,57300.0,23.0,375.0,484.0,698.0,743.0,955.0,1248.0,94.99999999999997,310.0,0.219637849595038,2008,0,38.7779384660948,-9.124184750727936,-0.25881904510252157,0.9659258262890681,82.0,0,0,18,2,5837.0,67735.0,0.8459437513840703,0.005536281095445486,0.007145493467188307,0.010304864545655865,0.010969218277109323,0.014099062523067838,0.01842474348564258,0.0014025245441795227,0.0861740606776408
27311.0,0,1,1,3.0,57300.0,18.0,937.0,753.0,809.0,1126.0,1333.0,2209.0,160.0,334.0,0.4642204160361053,2014,1,38.75954382398992,-9.125225536117032,-1.0,-2.220446049250313e-16,84.0,0,0,12,1,4169.0,68796.0,0.83289726146869,0.013619977905692192,0.01094540380254666,0.011759404616547474,0.016367230652944938,0.019376126518983662,0.03210942496656782,0.002325716611430897,0.060599453456596314
27366.0,2,1,1,5.0,57300.0,8.0,233.0,630.0,736.0,1131.0,305.0,1347.0,397.0,323.0,0.4061228059403181,2011,1,38.78125748418909,-9.188650507950802,0.8660254037844387,-0.49999999999999983,54.0,0,1,15,3,6510.0,68589.0,0.8354109259502253,0.0033970461735846856,0.009185146306259022,0.01073058362128038,0.01648952455933167,0.004446777180014288,0.019638717578620478,0.005788100132674336,0.09491317849800988
27514.0,0,0,0,2.0,56097.0,19.0,404.0,574.0,567.0,1175.0,2252.0,1193.0,224.0,93.0,0.4601618850354017,2020,0,38.711873874079096,-9.145981855720828,-0.9659258262890683,0.2588190451025203,76.0,0,1,6,0,5413.4,67899.4,0.8261781400130194,0.0059499789394309825,0.008453682948597484,0.008350589254102394,0.017305013004533177,0.03316671428613508,0.017570111076091986,0.003298998223842921,0.07972677225424672
28041.0,2,1,1,5.0,57300.0,15.0,329.00000000000006,1064.0,1081.0,888.0,795.0,1340.0,338.0,342.0,0.6830942021545576,2011,1,38.731324020633,-9.18079175001095,-0.7071067811865471,-0.7071067811865479,46.0,0,0,15,3,8642.0,71777.0,0.7983058639954302,0.004583640999205874,0.014823690039984953,0.015060534711676442,0.01237165108600248,0.011075971411454923,0.018668932945093832,0.00470902935480725,0.12040068545634396
28125.0,1,1,0,1.0,57300.0,13.0,351.0,61.0,851.0,695.0,450.0,993.0,174.39999999999998,268.0,0.548935255678541,2021,0,38.78450571586339,-9.196481535378767,-0.2588190451025208,-0.9659258262890683,40.0,0,1,5,2,9541.0,70416.4,0.8137308922353316,0.004984634261336848,0.0008662754699189394,0.012085252867229794,0.009869859862191195,0.006390556745303652,0.01410182855130339,0.002476695769735459,0.1354940042376492
28267.0,0,0,1,1.0,57300.0,14.0,802.0,437.0,631.0,1817.0,1249.0,704.0,196.0,392.0,0.5077759848346219,2018,0,38.78211066717133,-9.16181693661359,-0.4999999999999998,-0.8660254037844388,47.0,0,0,8,0,5907.0,69043.0,0.8299175875903423,0.011615949480758368,0.00632938893153542,0.009139232072766247,0.026316932925857798,0.018090175687614965,0.010196544182610836,0.0028388105962950626,0.08555537853221905
28298.0,1,1,1,2.0,57300.0,7.000000000000001,930.0,366.0,380.0,256.0,709.0,163.0,450.0,231.0,0.2791091527660665,2020,0,38.71159653732855,-9.195255801991484,0.9659258262890682,-0.25881904510252063,58.0,0,0,6,2,14351.0,74905.0,0.7649689606835325,0.012415726587010213,0.004886189172952407,0.005073092583939657,0.0034176623723382953,0.009465322742140044,0.002176089713637274,0.006007609638875909,0.19158934650557372
28422.0,0,1,0,2.0,57300.0,14.6,662.0,649.0,167.0,785.4,1037.0,1768.0,362.0,184.0,0.591024070068874,2008,0,38.70792250325345,-9.144992538986097,-0.42643007701284935,-0.324968889777392,38.0,0,0,18,1,14351.0,77081.4,0.7433699958744912,0.008588323512546478,0.008419670633901305,0.002166540825672601,0.010189228529839884,0.013453310396541839,0.02293679149574346,0.004696334005350189,0.18617980472591314
28514.0,0,1,1,3.0,57300.0,8.0,372.0,970.0,474.0,1111.0,1584.0,1426.0,390.6,323.0,0.7538861806345909,2008,1,38.720368169405205,-9.175947696686594,0.8660254037844387,-0.49999999999999983,37.0,0,0,18,1,4875.0,68502.6,0.8364646013435986,0.005430450815005561,0.01416004647998762,0.006919445393313538,0.01621836251470747,0.023123209921959164,0.020816728124187986,0.00570197335575584,0.07116518205148417
28869.0,0,0,0,5.0,57300.0,8.0,242.0,783.0,979.0,1172.0,2410.0,344.0,463.0,289.0,0.760854155541199,2016,1,38.72606892899424,-9.194979402202923,0.8660254037844387,-0.49999999999999983,34.0,0,0,10,0,6034.0,69727.0,0.8217763563612374,0.0034706785033057496,0.011229509372266123,0.014040472127009623,0.016808409941629496,0.03456336856597875,0.004933526467508999,0.006640182425746124,0.08653749623531774
29145.0,0,0,1,5.0,57300.0,20.0,100.0,610.0,743.0,1719.0,1107.6000000000001,671.0,349.0,308.0,0.3975420859494593,2013,1,38.734629155973195,-9.120314643869158,-0.8660254037844385,0.5000000000000001,53.0,0,0,13,0,5924.0,68523.6,0.8362082552580424,0.001459351230816828,0.00890204250798265,0.010842979644969032,0.025086247657741274,0.016163774232527187,0.009792246758780916,0.00509313579555073,0.08645196691358889
29189.0,1,1,1,4.0,57300.0,14.0,385.0,702.0,1122.0,777.0,1536.0,2033.0,527.0,324.0,0.4851033576206218,2013,1,38.7083712356265,-9.118907642859586,-0.4999999999999998,-0.8660254037844388,65.0,0,0,13,2,3932.0,68314.0,0.8387738970050063,0.005635740843750915,0.010276078109904265,0.01642415903035981,0.011373949702842756,0.022484410223380272,0.029759639312586,0.0077143777263811225,0.057557748045788566
29452.0,1,0,1,4.0,57300.0,23.0,259.99999999999994,978.0,1019.0,1178.0,1415.0,2990.0,257.0,216.0,0.634377600567193,2010,1,38.75545372139624,-9.180249121603602,-0.25881904510252157,0.9659258262890681,49.0,0,1,16,1,6028.599999999999,71425.6,0.8022333729083129,0.0036401514302994995,0.013692569610895811,0.014266593490289196,0.01649268609574158,0.01981082413028382,0.041861741448444255,0.0035981496830268136,0.08440391120270602
29506.0,1,1,1,4.0,55809.0,6.0,340.0,1095.0,1012.0,1260.0,1317.0,1506.0,269.0,297.0,0.3112878143105783,2011,1,38.71074505751286,-9.169815543488138,1.0,5.551115123125783e-17,79.0,0,0,15,2,5671.0,68279.0,0.8173669795984124,0.004979569120813134,0.016037141727324653,0.014821541030184977,0.018453697330072204,0.019288507447384994,0.022056562046895826,0.003939717922055098,0.08305628377685673
29663.0,1,0,1,4.0,57300.0,14.0,320.0,762.0,860.0,753.0,913.0,1160.0,414.0,300.0,0.4800379759643074,2012,1,38.75725571069214,-9.121843492656357,-0.4999999999999998,-0.8660254037844388,59.0,0,1,14,1,6102.0,68584.0,0.8354718301644698,0.004665811267934212,0.011110463081768343,0.012539367782573195,0.010979237139857692,0.013312142773824798,0.016913565846261518,0.006036393327889887,0.08897118861542051
29999.0,0,0,1,1.0,56420.0,8.0,1294.0,294.0,573.0,1125.0,435.0,31.0,395.0,347.0,0.4290382115194839,2013,0,38.74706519018938,-9.179607434305536,0.8660254037844387,-0.49999999999999983,64.0,0,0,13,0,14351.0,74918.0,0.7530900451159935,0.0172722176246029,0.0039242905576763925,0.007648362209348888,0.01501641795029232,0.00580634827411303,0.0004137857390747217,0.00527243119143597,0.1915561013374623
30006.0,2,1,1,4.0,57300.0,11.0,275.0,829.0,363.0,1213.0,792.0,1685.0,357.0,333.0,0.2965858584722451,2012,1,38.74156936843416,-9.169912978132562,0.258819045102521,-0.9659258262890682,57.0,0,1,14,3,6056.0,68870.0,0.8320023232176564,0.003993030347030638,0.012037171482503268,0.0052708000580804415,0.01761289385799332,0.011499927399448235,0.024466385944533178,0.00518367939596341,0.08793378829679105
30024.0,0,0,2,4.0,57300.0,18.0,304.0,594.0,903.0,1556.0,1430.0,2153.0,303.0,282.0,0.647617358166948,2013,1,38.73641476229941,-9.137375619717046,-1.0,-2.220446049250313e-16,70.0,0,0,13,0,7392.0,71935.0,0.7965524431778689,0.004226037394870369,0.008257454646555919,0.012552999235420866,0.02163063877111281,0.019879057482449433,0.029929797734065476,0.0042121359560714534,0.10275943560158476
30523.0,5,2,1,8.0,57300.0,8.0,1343.0,402.0,1317.0,1843.0,1523.0,1129.0,710.0,432.0,0.395021639089337,2024,0,38.744379206993024,-9.190506261907338,0.8660254037844387,-0.49999999999999983,30.0,0,0,2,7,6901.0,72468.0,0.7906938234807087,0.01853231771264558,0.005547276039079318,0.018173538665341944,0.02543191477617707,0.021016172655516918,0.015579290169454104,0.009797427830214716,0.09522823867086162
30554.0,1,0,1,3.0,57300.0,18.0,383.0,689.0,569.0,1428.0,1198.0,1785.0,387.0,319.0,0.3671143238704366,2008,1,38.78405783911427,-9.136438663775282,-1.0,-2.220446049250313e-16,70.0,0,1,18,1,5689.0,69428.0,0.8253154346949357,0.005516506308693899,0.009923949991357954,0.008195540704038716,0.02056807051909892,0.01725528605173705,0.025710088148873652,0.00557411995160454,0.0819410036296595
30654.0,0,3,0,4.0,56065.0,11.0,1198.0,552.0,1983.0,1137.0,1617.0,330.0,127.0,223.0,0.2718167104445628,2011,0,38.73141456209005,-9.182216246013844,0.258819045102521,-0.9659258262890682,75.0,0,1,15,3,6409.0,69418.0,0.8076435506640929,0.017257771759486014,0.007951828056123772,0.028566077962488116,0.0163790371373419,0.02329367022962344,0.004753810250943559,0.0018294966723328243,0.09232475726756749
30838.0,0,1,1,2.0,57300.0,14.0,839.0,73.0,456.0,826.0,1184.0,327.0,290.0,122.0,0.2914028003673081,2015,0,38.70831860993325,-9.172344023520765,-0.4999999999999998,-0.8660254037844388,30.0,0,0,11,1,7521.0,68816.0,0.8326551964659381,0.012191932108811905,0.0010607998139967449,0.006626365961404325,0.012003022552894675,0.017205301092769125,0.004751801906533364,0.0042141362473843294,0.10929144385026739
31030.0,0,2,1,3.0,57300.0,23.0,853.0,636.0,1002.0,628.0,1468.0,1005.0,262.0,10.0,0.3427823827696268,2007,1,38.751871434339144,-9.186968167098374,-0.25881904510252157,0.9659258262890681,70.0,0,1,19,2,8258.0,71412.0,0.8023861535876323,0.011944771186915365,0.008906066207360107,0.014031255251218283,0.00879404021733042,0.020556769170447544,0.014073264997479415,0.0036688511734722456,0.11563882820814429
31541.0,2,1,1,4.0,57300.0,7.000000000000001,307.0,576.0,634.0,857.0,205.0,1956.0,366.0,212.0,0.5122481655234576,2012,1,38.78308482527129,-9.144506951499585,0.9659258262890682,-0.25881904510252063,57.0,0,0,14,3,10024.0,72225.0,0.7933541017653167,0.004250605745932849,0.007975077881619937,0.008778123918310834,0.011865697473174109,0.0028383523710626512,0.027082035306334372,0.005067497403946002,0.13878850813430252
31587.0,1,1,1,5.0,57300.0,14.0,355.0,716.0,784.0,1288.0,1385.0,2363.0,308.0,270.0,0.011081511765538177,2010,1,38.74616287135358,-9.181330163610095,-0.4999999999999998,-0.8660254037844388,74.0,0,0,16,2,5996.0,70495.0,0.8128236045109583,0.005035818143130718,0.010156748705581956,0.01112135612454784,0.01827079934747145,0.019646783459819846,0.033520107809064476,0.004369104191786651,0.08505567770763885
31937.0,2,1,1,4.0,57300.0,14.0,353.99999999999994,535.0,880.0,1267.0,1553.0,1229.0,435.0,276.0,0.6053034994858917,2025,1,38.76792748010504,-9.19507005432144,-0.4999999999999998,-0.8660254037844388,29.000000000000004,0,0,1,3,5291.0,68844.0,0.8323165417465574,0.0051420603102666895,0.007771192841787229,0.012782522805182732,0.018403927720643774,0.022558247632328162,0.017851955144965428,0.006318633432107373,0.07685491836616118
32350.0,2,1,1,4.0,57300.0,8.0,232.0,690.0,511.0,662.0,1386.0,1889.0,497.0,170.0,0.3658335862398762,2012,1,38.75323653485032,-9.144458024489737,0.8660254037844387,-0.49999999999999983,78.0,0,1,14,3,4770.0,67937.0,0.843428470494723,0.003414928536732561,0.010156468492868392,0.007521674492544563,0.009744321945331704,0.020401254103066077,0.027805172439171584,0.007315601218776219,0.07021210827678584
32764.0,1,1,1,4.0,57300.0,22.0,379.0,940.0,755.0,809.0,533.0,1392.0,94.99999999999997,229.0,0.3220531394741501,2009,1,38.73302839124678,-9.131103620749688,-0.5000000000000004,0.8660254037844385,75.0,0,0,17,2,6673.0,68876.0,0.8319298449387305,0.005502642429873976,0.013647714733724375,0.010961728323363727,0.011745745978279808,0.007738544630930948,0.0202102328822812,0.0013792903188338459,0.09688425576398164
33056.0,1,1,4,5.0,57300.0,16.0,476.0,483.0,809.0,1065.0,738.0,1134.0,271.0,443.0,0.1804345068181397,2017,1,38.74481649955527,-9.146331985370225,-0.8660254037844384,-0.5000000000000004,26.0,0,1,9,2,5044.0,67320.0,0.8511586452762924,0.007070707070707071,0.007174688057040998,0.012017231134878193,0.015819964349376114,0.010962566844919787,0.016844919786096257,0.004025549613784908,0.07492572786690434
33153.0,1,1,0,3.0,57300.0,12.0,457.0,928.0,789.0,1127.0,1519.0,405.0,34.0,250.0,0.3866902984810082,2019,0,38.77829645899605,-9.116597593209548,1.249000902703301e-16,-0.9999999999999999,77.0,0,0,7,2,5675.0,68234.0,0.8397573057420055,0.006697540815429258,0.01360025793592637,0.011563150335609814,0.016516692557962308,0.022261629099862238,0.005935457396605798,0.0004982853123076472,0.08316968080429112
33224.0,5,2,1,3.0,56417.0,8.0,561.0,782.0,1320.0,1770.0,2167.0,1250.0,390.0,215.0,0.0489592636989411,2020,0,38.77910180772091,-9.165851044722029,0.8660254037844387,-0.49999999999999983,76.0,0,1,6,7,4582.0,69239.0,0.8148153497306432,0.008102370051560536,0.011294212799144991,0.01906440012131891,0.0255636274354049,0.03129739019916521,0.018053409205794423,0.00563266367220786,0.06617657678476004
33544.0,1,1,1,5.0,55116.0,16.0,300.99999999999994,904.0,477.0,820.0,1526.0,1909.0,424.0,413.0,0.37071489577807226,1999,1,38.7751474167426,-9.117551896301054,-0.8660254037844384,-0.5000000000000004,57.0,0,0,27,2,6802.0,68279.0,0.8072174460668727,0.004408383251072803,0.013239795544750216,0.006986042560670191,0.012009549056078735,0.02234947787753189,0.027958816034212568,0.006209815609484614,0.0996206739993263
33827.0,0,1,0,1.0,57300.0,23.0,586.0,738.0,573.0,708.0,142.0,475.0,356.0,324.0,0.2182197136476268,2021,0,38.78222083012951,-9.175485002281109,-0.25881904510252157,0.9659258262890681,67.0,0,0,5,1,7185.0,68063.0,0.8418670937219929,0.008609670452375005,0.01084289555264975,0.008418670937219928,0.01040212744075342,0.0020863023963093017,0.00697882843835858,0.005230448261169799,0.10556396279917135
34201.0,1,2,2,4.0,57300.0,15.0,693.0,827.0,644.0,536.0,880.0,1044.0,278.0,329.0,0.43406557242373073,2009,0,38.76728267092648,-9.170780196504255,-0.7071067811865471,-0.7071067811865479,46.0,0,1,17,3,5417.0,67619.0,0.8473949629541992,0.01024859876661885,0.01223029030302134,0.009523950368979133,0.007926766145609962,0.013014093671896952,0.015439447492568656,0.004111270500894719,0.08011061979621112
34278.0,1,0,1,1.0,54054.0,11.0,112.0,449.0,659.0,954.0,1472.0,622.0,198.0,222.0,0.2917417293159211,2015,0,38.776243579771176,-9.127373986833414,0.258819045102521,-0.9659258262890682,67.0,0,1,11,1,14351.0,72871.0,0.741776564065266,0.001536962577705809,0.006161573190981323,0.009043378024179715,0.01309162767081555,0.020200079592704916,0.008535631458330474,0.0027171302713013407,0.19693705314871485
34349.0,1,2,1,3.0,57300.0,8.0,513.0,1039.0,750.0,998.0,603.0,2614.0,255.0,308.0,0.4356467328844244,2021,0,38.76448464344156,-9.175318573872635,0.8660254037844387,-0.49999999999999983,55.0,0,0,5,3,5221.0,69293.0,0.8269233544513875,0.007403345215245407,0.014994299568498983,0.010823604115855858,0.01440260921016553,0.00870217770914811,0.03772386821179628,0.003680025399390992,0.07534671611851125
34505.0,1,1,2,4.0,57300.0,13.0,228.0,513.0,906.0,1800.0,1004.0,1679.0,392.0,357.0,0.7011129806980074,2014,0,38.71595455430005,-9.181161071333593,-0.2588190451025208,-0.9659258262890683,76.0,0,1,12,2,4407.0,68229.0,0.8398188453590115,0.003341687552213868,0.007518796992481203,0.01327881106274458,0.026381743833267378,0.014715150449222471,0.024608304386697737,0.005745357545911563,0.06459130281844963
34941.0,1,1,1,3.0,57300.0,8.0,357.0,796.0,626.0,1198.0,1279.0,2684.0,256.0,295.0,0.08080313067148787,2009,0,38.71058542778719,-9.179794809754316,0.8660254037844387,-0.49999999999999983,70.0,0,1,17,2,8943.0,73439.0,0.7802393823445308,0.004861177303612522,0.010838927545309712,0.008524081210256131,0.016312858290554066,0.01741581448549136,0.03654733860755185,0.003485886245727747,0.12177453396696578
35029.0,1,1,1,4.0,57300.0,8.0,389.0,738.0,570.0,780.0,113.0,1610.0,362.0,207.0,0.3031456577040763,2003,0,38.74473494006146,-9.17541699222409,0.8660254037844387,-0.49999999999999983,54.0,0,1,23,2,6516.0,68378.0,0.8379888268156425,0.005688964286758899,0.010792945099300944,0.00833601450759016,0.011407177747228641,0.0016525783146626109,0.023545584837228347,0.005294100441662523,0.09529380794992541
35936.0,1,1,2,3.0,57300.0,10.0,340.0,1167.0,328.0,1121.0,991.0,619.0,433.0,419.0,0.8531711386413143,2012,0,38.75973228797275,-9.177409161195383,0.4999999999999999,-0.8660254037844387,58.0,0,1,14,2,5909.0,68208.0,0.8400774102744546,0.004984752521698334,0.01710942997888811,0.00480882007975604,0.016435022284775978,0.014529087497067793,0.009075181796856674,0.006348228946751114,0.08663206661975136
36399.0,0,1,1,5.0,57300.0,8.0,973.0,884.0,932.0,1110.0,1353.0,1472.0,344.0,321.0,0.8000321549245805,2010,0,38.77282315786015,-9.168761307689852,0.8660254037844387,-0.49999999999999983,69.0,0,0,16,1,5229.0,69597.0,0.8233113496271391,0.01398048766469819,0.012701696912223228,0.013391381812434443,0.01594896331738437,0.01944049312470365,0.021150336939810624,0.004942741784847048,0.07513254881675935
36444.0,0,0,0,2.0,57300.0,16.0,233.0,363.0,170.0,728.0,906.0,523.0,330.0,13.0,0.3457378999431442,2013,0,38.74788132918587,-9.149782996730838,-0.8660254037844384,-0.5000000000000004,38.0,0,0,13,0,14351.0,74904.0,0.7649791733418776,0.003110648296486169,0.004846203140019225,0.0022695717184663036,0.009719107123785112,0.012095482217238065,0.006982270639752216,0.004405639218199295,0.19159190430417603
36773.0,0,0,1,1.0,52019.0,8.0,267.0,542.0,880.0,638.0,1444.0,423.0,193.0,47.0,0.990676776695701,2012,0,38.713241726630024,-9.182969389283135,0.8660254037844387,-0.49999999999999983,31.0,0,1,14,0,14351.0,70757.0,0.735178144918524,0.0037734782424353776,0.007660019503370691,0.012436932034993005,0.009016775725369928,0.020407874839238522,0.005978207103184138,0.0027276453213109656,0.20282092231157342
36977.0,1,1,0,3.0,53282.0,10.0,559.0,622.0,1107.0,721.0,717.0,260.0,260.0,4.0,0.715142465849445,2009,0,38.75473501264106,-9.137335983157202,0.4999999999999999,-0.8660254037844387,67.0,0,0,17,2,14351.0,71879.0,0.7412735291253356,0.007776958499700886,0.008653431461205638,0.015400882037869197,0.010030746114998818,0.009975097038077882,0.0036171899998608775,0.0036171899998608775,0.19965497572309018
37813.0,1,2,1,5.0,57300.0,12.0,303.0,763.0,672.0,1193.0,369.0,1608.0,362.0,267.0,0.3603650704154753,2017,0,38.7353437828281,-9.159004065054658,1.249000902703301e-16,-0.9999999999999999,59.0,0,1,9,3,5461.0,68031.0,0.8422630859461128,0.004453851920448031,0.0112154752980259,0.00987784980376593,0.017536123237935648,0.0054239978833179,0.023636283459011333,0.005321103614528671,0.08027222883685378
37845.0,1,1,2,3.0,57300.0,14.0,370.00000000000006,1583.0,949.0,1272.0,1279.0,646.0,389.0,194.0,0.5548505228644838,2017,0,38.73384822147188,-9.144964020880453,-0.4999999999999998,-0.8660254037844388,40.0,0,1,9,2,3992.0,67780.0,0.8453821186190617,0.005458837415166716,0.02335497196813219,0.014001180289170847,0.018766597816465034,0.018869873118914134,0.009530835054588373,0.0057391560932428445,0.058896429625258186
37962.0,1,0,0,1.0,57300.0,16.0,771.0,596.0,509.0,867.0,1392.0,1071.0,351.0,65.0,0.2849481441564048,2021,0,38.73341482205187,-9.191583811716844,-0.8660254037844384,-0.5000000000000004,37.0,0,0,5,1,5227.0,68084.0,0.8416074261206744,0.011324246519005933,0.008753892250749075,0.007476058985958522,0.012734269431878269,0.020445332236648846,0.01573056812173198,0.0051553962751894715,0.07677281005816344
38215.0,3,1,0,6.0,55886.0,7.000000000000001,470.0,1045.0,527.0,1027.0,1079.0,719.0,561.0,288.0,0.1028954075979518,2009,0,38.7157249835483,-9.166312477828736,0.9659258262890682,-0.25881904510252063,37.0,0,1,17,4,7040.0,68354.0,0.8175966293121105,0.006875969219065453,0.015288059221113615,0.007709863358398923,0.01502472422974515,0.015785469760365156,0.010518769932995874,0.008207273897650467,0.10299324106855487
38280.0,1,1,0,1.0,55452.0,10.0,470.0,356.0,890.0,861.0,1747.0,138.0,544.0,182.0,0.249679033496054,2021,0,38.73250294232809,-9.167508488994384,0.4999999999999999,-0.8660254037844387,62.0,0,1,5,2,10947.0,71405.0,0.7765842728100273,0.006582172116798544,0.004985645262936769,0.012464113157341923,0.012057979133113928,0.024466073804355438,0.0019326377704642532,0.007618514109656187,0.15330859183530565
38288.0,0,1,0,1.0,56897.0,15.0,708.0,76.0,359.0,1754.0,1139.0,294.0,480.0,27.0,0.9530136310058825,2009,0,38.74644098405236,-9.123545643675447,-0.7071067811865471,-0.7071067811865479,52.0,0,1,17,1,7578.0,69285.0,0.8212022804358807,0.01021866204806235,0.0010969185249332467,0.0051814967164609945,0.025315724904380457,0.016439344735512736,0.0042433427148733495,0.006927906473262611,0.10937432344663348
38517.0,1,1,1,3.0,57300.0,14.0,271.0,587.0,1335.0,833.0,1401.0,2455.0,394.0,334.0,1.0,2014,0,38.7279185067065,-9.184888635919018,-0.4999999999999998,-0.8660254037844388,79.0,0,0,12,2,4295.0,68871.0,0.831990242627521,0.0039348927705420275,0.008523181019587345,0.019384065862264235,0.01209507630207199,0.020342379230735723,0.035646353327234974,0.00572084041178435,0.06236296844825834
38565.0,1,0,1,4.0,57300.0,19.0,445.0,640.0,883.0,814.0,1155.0,2390.0,446.0,455.0,0.4372504832233137,2011,0,38.73957122370037,-9.155922538087667,-0.9659258262890683,0.2588190451025203,65.0,0,1,15,1,3780.0,67853.0,0.8444726099067101,0.006558295138018953,0.00943215480524074,0.013013426082855585,0.011996521892915567,0.017022091875082898,0.035223203100820895,0.006573032879902141,0.05570866431845313
38941.0,1,1,2,4.0,57300.0,8.0,65.0,663.0,802.0,1317.0,863.0,270.0,387.0,328.0,0.36126036194266126,2011,0,38.780433840515634,-9.18358086527715,0.8660254037844387,-0.49999999999999983,81.0,0,0,15,2,7297.0,68964.0,0.8308682791021402,0.0009425207354561801,0.009613711501653036,0.01162925584362856,0.01909692013224291,0.012513775303056668,0.003915086131894902,0.005611623455716026,0.10580882779421147
39325.0,0,1,1,4.0,57300.0,8.0,294.0,817.0,901.0,1272.0,1483.0,1482.0,270.0,127.0,0.386402049593108,2016,0,38.71489279331645,-9.147176973351948,0.8660254037844387,-0.49999999999999983,65.0,0,0,10,1,6508.0,70327.0,0.8147653106203876,0.00418047122726691,0.011617159839037638,0.012811580189685328,0.018086936738379286,0.02108720690488717,0.02107298761499851,0.0038392082699389993,0.09253913859541854
39358.0,2,1,1,4.0,57300.0,8.0,502.0,969.0,739.0,1015.0,776.0,1328.0,397.0,129.0,0.4621364861226747,2013,0,38.7127498790092,-9.117861461490133,0.8660254037844387,-0.49999999999999983,43.0,0,0,13,3,4593.0,67619.0,0.8473949629541992,0.007423948890104852,0.014330291781895621,0.010928880935831645,0.015010573951108417,0.011476064419763676,0.019639450450317217,0.0058711308951626025,0.0679246957216167
39363.0,2,1,1,2.0,57300.0,11.0,317.00000000000006,842.0,352.0,1179.0,982.0,2019.0,562.0,323.0,0.3992767438146868,2004,0,38.71771138493502,-9.124615995076228,0.258819045102521,-0.9659258262890682,68.0,0,0,22,3,5320.0,68873.0,0.8319660824996733,0.004602674487825418,0.012225400374602529,0.0051108562136105585,0.017118464420019457,0.014258127277743093,0.029314825838862836,0.008159946568321403,0.0772436223193414
39427.0,4,3,0,4.0,57300.0,10.0,1276.0,595.0,1709.0,991.0,1280.0,794.0,313.0,331.0,0.3983517905288473,2007,0,38.70867498327603,-9.162419692112817,0.4999999999999999,-0.8660254037844387,63.0,0,1,19,7,5601.0,69859.0,0.8202235932378076,0.01826536308850685,0.008517155985628194,0.024463562318384174,0.01418571694413032,0.018322621280006873,0.011365751012754262,0.00448045348487668,0.08017578264790506
