cluster,lifetime_spend_groceries,lifetime_spend_vegetables,lifetime_spend_nonalcohol_drinks,lifetime_spend_alcohol_drinks,lifetime_spend_meat,lifetime_spend_fish,lifetime_spend_hygiene,lifetime_spend_petfood,lifetime_spend_technology
0,29165.35,350.89,724.65,710.31,1022.08,978.33,1245.65,353.72,3636.83
1,13353.34,278.17,327.22,970.26,547.02,537.09,433.32,240.89,1895.27
2,10687.07,2002.99,417.02,411.12,75.97,90.27,715.09,260.01,2245.57
3,24874.09,823.78,820.53,1585.58,1517.62,1340.01,883.28,365.22,5500.85
4,15986.55,512.66,295.37,328.55,777.42,614.73,666.74,498.89,1236.95
5,10531.07,207.65,546.85,1043.93,916.45,868.25,272.1,308.14,11288.0
6,13000.12,456.56,224.9,242.43,747.82,438.02,533.96,231.48,959.46
7,12198.27,1512.32,611.25,167.03,161.34,117.94,2016.54,415.92,971.63
OVERALL,16449.96,740.02,462.08,610.78,719.0,602.4,832.99,336.89,2803.97
